policy,perturbation_rate,sample,objective,access_cost,hit_ratio,local_hit_ratio,cooperative_hit_ratio,origin_miss_ratio,replication_cost,redundancy_cost,redundancy_ratio,relocation_cost,selected_policy
random,0.0,0,6.723462203722834,6.115397687593801,0.8771807715296746,0.11727661637123674,0.7599041551584378,0.1228192277951166,5.0,0.028225806451612916,0.011760752688172048,0.0,
random,0.0,1,6.723462203722834,6.115397687593801,0.8771807715296746,0.11727661637123674,0.7599041551584378,0.1228192277951166,5.0,0.028225806451612916,0.011760752688172048,0.0,
random,0.0,2,6.723462203722834,6.115397687593801,0.8771807715296746,0.11727661637123674,0.7599041551584378,0.1228192277951166,5.0,0.028225806451612916,0.011760752688172048,0.0,
random,0.0,3,6.723462203722834,6.115397687593801,0.8771807715296746,0.11727661637123674,0.7599041551584378,0.1228192277951166,5.0,0.028225806451612916,0.011760752688172048,0.0,
random,0.0,4,6.723462203722834,6.115397687593801,0.8771807715296746,0.11727661637123674,0.7599041551584378,0.1228192277951166,5.0,0.028225806451612916,0.011760752688172048,0.0,
random,0.0,5,6.723462203722834,6.115397687593801,0.8771807715296746,0.11727661637123674,0.7599041551584378,0.1228192277951166,5.0,0.028225806451612916,0.011760752688172048,0.0,
random,0.0,6,6.723462203722834,6.115397687593801,0.8771807715296746,0.11727661637123674,0.7599041551584378,0.1228192277951166,5.0,0.028225806451612916,0.011760752688172048,0.0,
random,0.0,7,6.723462203722834,6.115397687593801,0.8771807715296746,0.11727661637123674,0.7599041551584378,0.1228192277951166,5.0,0.028225806451612916,0.011760752688172048,0.0,
random,0.0,8,6.723462203722834,6.115397687593801,0.8771807715296746,0.11727661637123674,0.7599041551584378,0.1228192277951166,5.0,0.028225806451612916,0.011760752688172048,0.0,
random,0.0,9,6.723462203722834,6.115397687593801,0.8771807715296746,0.11727661637123674,0.7599041551584378,0.1228192277951166,5.0,0.028225806451612916,0.011760752688172048,0.0,
random,0.0,10,6.723462203722834,6.115397687593801,0.8771807715296746,0.11727661637123674,0.7599041551584378,0.1228192277951166,5.0,0.028225806451612916,0.011760752688172048,0.0,
random,0.0,11,6.723462203722834,6.115397687593801,0.8771807715296746,0.11727661637123674,0.7599041551584378,0.1228192277951166,5.0,0.028225806451612916,0.011760752688172048,0.0,
local_popularity,0.0,0,16.727913142758545,13.533362140143026,0.637566953105852,0.45641390485689043,0.18115304824896156,0.3624330462189391,5.0,0.1719195001453066,0.07163312506054441,0.0,
local_popularity,0.0,1,16.727913142758545,13.533362140143026,0.637566953105852,0.45641390485689043,0.18115304824896156,0.3624330462189391,5.0,0.1719195001453066,0.07163312506054441,0.0,
local_popularity,0.0,2,16.727913142758545,13.533362140143026,0.637566953105852,0.45641390485689043,0.18115304824896156,0.3624330462189391,5.0,0.1719195001453066,0.07163312506054441,0.0,
local_popularity,0.0,3,16.727913142758545,13.533362140143026,0.637566953105852,0.45641390485689043,0.18115304824896156,0.3624330462189391,5.0,0.1719195001453066,0.07163312506054441,0.0,
local_popularity,0.0,4,16.727913142758545,13.533362140143026,0.637566953105852,0.45641390485689043,0.18115304824896156,0.3624330462189391,5.0,0.1719195001453066,0.07163312506054441,0.0,
local_popularity,0.0,5,16.727913142758545,13.533362140143026,0.637566953105852,0.45641390485689043,0.18115304824896156,0.3624330462189391,5.0,0.1719195001453066,0.07163312506054441,0.0,
local_popularity,0.0,6,16.727913142758545,13.533362140143026,0.637566953105852,0.45641390485689043,0.18115304824896156,0.3624330462189391,5.0,0.1719195001453066,0.07163312506054441,0.0,
local_popularity,0.0,7,16.727913142758545,13.533362140143026,0.637566953105852,0.45641390485689043,0.18115304824896156,0.3624330462189391,5.0,0.1719195001453066,0.07163312506054441,0.0,
local_popularity,0.0,8,16.727913142758545,13.533362140143026,0.637566953105852,0.45641390485689043,0.18115304824896156,0.3624330462189391,5.0,0.1719195001453066,0.07163312506054441,0.0,
local_popularity,0.0,9,16.727913142758545,13.533362140143026,0.637566953105852,0.45641390485689043,0.18115304824896156,0.3624330462189391,5.0,0.1719195001453066,0.07163312506054441,0.0,
local_popularity,0.0,10,16.727913142758545,13.533362140143026,0.637566953105852,0.45641390485689043,0.18115304824896156,0.3624330462189391,5.0,0.1719195001453066,0.07163312506054441,0.0,
local_popularity,0.0,11,16.727913142758545,13.533362140143026,0.637566953105852,0.45641390485689043,0.18115304824896156,0.3624330462189391,5.0,0.1719195001453066,0.07163312506054441,0.0,
global_popularity,0.0,0,24.924890979961493,20.32489097996149,0.4316208528354764,0.4316208528354764,0.0,0.5683791464893148,5.0,0.25,0.10416666666666667,0.0,
global_popularity,0.0,1,24.924890979961493,20.32489097996149,0.4316208528354764,0.4316208528354764,0.0,0.5683791464893148,5.0,0.25,0.10416666666666667,0.0,
global_popularity,0.0,2,24.924890979961493,20.32489097996149,0.4316208528354764,0.4316208528354764,0.0,0.5683791464893148,5.0,0.25,0.10416666666666667,0.0,
global_popularity,0.0,3,24.924890979961493,20.32489097996149,0.4316208528354764,0.4316208528354764,0.0,0.5683791464893148,5.0,0.25,0.10416666666666667,0.0,
global_popularity,0.0,4,24.924890979961493,20.32489097996149,0.4316208528354764,0.4316208528354764,0.0,0.5683791464893148,5.0,0.25,0.10416666666666667,0.0,
global_popularity,0.0,5,24.924890979961493,20.32489097996149,0.4316208528354764,0.4316208528354764,0.0,0.5683791464893148,5.0,0.25,0.10416666666666667,0.0,
global_popularity,0.0,6,24.924890979961493,20.32489097996149,0.4316208528354764,0.4316208528354764,0.0,0.5683791464893148,5.0,0.25,0.10416666666666667,0.0,
global_popularity,0.0,7,24.924890979961493,20.32489097996149,0.4316208528354764,0.4316208528354764,0.0,0.5683791464893148,5.0,0.25,0.10416666666666667,0.0,
global_popularity,0.0,8,24.924890979961493,20.32489097996149,0.4316208528354764,0.4316208528354764,0.0,0.5683791464893148,5.0,0.25,0.10416666666666667,0.0,
global_popularity,0.0,9,24.924890979961493,20.32489097996149,0.4316208528354764,0.4316208528354764,0.0,0.5683791464893148,5.0,0.25,0.10416666666666667,0.0,
global_popularity,0.0,10,24.924890979961493,20.32489097996149,0.4316208528354764,0.4316208528354764,0.0,0.5683791464893148,5.0,0.25,0.10416666666666667,0.0,
global_popularity,0.0,11,24.924890979961493,20.32489097996149,0.4316208528354764,0.4316208528354764,0.0,0.5683791464893148,5.0,0.25,0.10416666666666667,0.0,
diversified_popularity,0.0,0,2.7389082022596893,2.520948306880439,0.9873789139091969,0.10434969456400722,0.8830292193451896,0.01262108541559428,5.0,0.006553327521069458,0.0027305531337789408,0.0,
diversified_popularity,0.0,1,2.7389082022596893,2.520948306880439,0.9873789139091969,0.10434969456400722,0.8830292193451896,0.01262108541559428,5.0,0.006553327521069458,0.0027305531337789408,0.0,
diversified_popularity,0.0,2,2.7389082022596893,2.520948306880439,0.9873789139091969,0.10434969456400722,0.8830292193451896,0.01262108541559428,5.0,0.006553327521069458,0.0027305531337789408,0.0,
diversified_popularity,0.0,3,2.7389082022596893,2.520948306880439,0.9873789139091969,0.10434969456400722,0.8830292193451896,0.01262108541559428,5.0,0.006553327521069458,0.0027305531337789408,0.0,
diversified_popularity,0.0,4,2.7389082022596893,2.520948306880439,0.9873789139091969,0.10434969456400722,0.8830292193451896,0.01262108541559428,5.0,0.006553327521069458,0.0027305531337789408,0.0,
diversified_popularity,0.0,5,2.7389082022596893,2.520948306880439,0.9873789139091969,0.10434969456400722,0.8830292193451896,0.01262108541559428,5.0,0.006553327521069458,0.0027305531337789408,0.0,
diversified_popularity,0.0,6,2.7389082022596893,2.520948306880439,0.9873789139091969,0.10434969456400722,0.8830292193451896,0.01262108541559428,5.0,0.006553327521069458,0.0027305531337789408,0.0,
diversified_popularity,0.0,7,2.7389082022596893,2.520948306880439,0.9873789139091969,0.10434969456400722,0.8830292193451896,0.01262108541559428,5.0,0.006553327521069458,0.0027305531337789408,0.0,
diversified_popularity,0.0,8,2.7389082022596893,2.520948306880439,0.9873789139091969,0.10434969456400722,0.8830292193451896,0.01262108541559428,5.0,0.006553327521069458,0.0027305531337789408,0.0,
diversified_popularity,0.0,9,2.7389082022596893,2.520948306880439,0.9873789139091969,0.10434969456400722,0.8830292193451896,0.01262108541559428,5.0,0.006553327521069458,0.0027305531337789408,0.0,
diversified_popularity,0.0,10,2.7389082022596893,2.520948306880439,0.9873789139091969,0.10434969456400722,0.8830292193451896,0.01262108541559428,5.0,0.006553327521069458,0.0027305531337789408,0.0,
diversified_popularity,0.0,11,2.7389082022596893,2.520948306880439,0.9873789139091969,0.10434969456400722,0.8830292193451896,0.01262108541559428,5.0,0.006553327521069458,0.0027305531337789408,0.0,
topology_greedy,0.0,0,2.6329614514045443,2.55363712708022,0.9868630899116397,0.1123597860801965,0.8745033038314431,0.013136909413151442,2.75,0.0013513513513513514,0.0005630630630630631,0.0,
topology_greedy,0.0,1,2.6329614514045443,2.55363712708022,0.9868630899116397,0.1123597860801965,0.8745033038314431,0.013136909413151442,2.75,0.0013513513513513514,0.0005630630630630631,0.0,
topology_greedy,0.0,2,2.6329614514045443,2.55363712708022,0.9868630899116397,0.1123597860801965,0.8745033038314431,0.013136909413151442,2.75,0.0013513513513513514,0.0005630630630630631,0.0,
topology_greedy,0.0,3,2.6329614514045443,2.55363712708022,0.9868630899116397,0.1123597860801965,0.8745033038314431,0.013136909413151442,2.75,0.0013513513513513514,0.0005630630630630631,0.0,
topology_greedy,0.0,4,2.6329614514045443,2.55363712708022,0.9868630899116397,0.1123597860801965,0.8745033038314431,0.013136909413151442,2.75,0.0013513513513513514,0.0005630630630630631,0.0,
topology_greedy,0.0,5,2.6329614514045443,2.55363712708022,0.9868630899116397,0.1123597860801965,0.8745033038314431,0.013136909413151442,2.75,0.0013513513513513514,0.0005630630630630631,0.0,
topology_greedy,0.0,6,2.6329614514045443,2.55363712708022,0.9868630899116397,0.1123597860801965,0.8745033038314431,0.013136909413151442,2.75,0.0013513513513513514,0.0005630630630630631,0.0,
topology_greedy,0.0,7,2.6329614514045443,2.55363712708022,0.9868630899116397,0.1123597860801965,0.8745033038314431,0.013136909413151442,2.75,0.0013513513513513514,0.0005630630630630631,0.0,
topology_greedy,0.0,8,2.6329614514045443,2.55363712708022,0.9868630899116397,0.1123597860801965,0.8745033038314431,0.013136909413151442,2.75,0.0013513513513513514,0.0005630630630630631,0.0,
topology_greedy,0.0,9,2.6329614514045443,2.55363712708022,0.9868630899116397,0.1123597860801965,0.8745033038314431,0.013136909413151442,2.75,0.0013513513513513514,0.0005630630630630631,0.0,
topology_greedy,0.0,10,2.6329614514045443,2.55363712708022,0.9868630899116397,0.1123597860801965,0.8745033038314431,0.013136909413151442,2.75,0.0013513513513513514,0.0005630630630630631,0.0,
topology_greedy,0.0,11,2.6329614514045443,2.55363712708022,0.9868630899116397,0.1123597860801965,0.8745033038314431,0.013136909413151442,2.75,0.0013513513513513514,0.0005630630630630631,0.0,
hybrid_dqn,0.0,0,2.6317327666848374,2.5440544754904173,0.9868630899116397,0.1151618527714163,0.8717012371402234,0.013136909413151442,2.85,0.0014821272885789014,0.0006175530369078756,0.1,
hybrid_dqn,0.0,1,2.6317327666848374,2.5440544754904173,0.9868630899116397,0.1151618527714163,0.8717012371402234,0.013136909413151442,2.85,0.0014821272885789014,0.0006175530369078756,0.1,
hybrid_dqn,0.0,2,2.6317327666848374,2.5440544754904173,0.9868630899116397,0.1151618527714163,0.8717012371402234,0.013136909413151442,2.85,0.0014821272885789014,0.0006175530369078756,0.1,
hybrid_dqn,0.0,3,2.6317327666848374,2.5440544754904173,0.9868630899116397,0.1151618527714163,0.8717012371402234,0.013136909413151442,2.85,0.0014821272885789014,0.0006175530369078756,0.1,
hybrid_dqn,0.0,4,2.6317327666848374,2.5440544754904173,0.9868630899116397,0.1151618527714163,0.8717012371402234,0.013136909413151442,2.85,0.0014821272885789014,0.0006175530369078756,0.1,
hybrid_dqn,0.0,5,2.6317327666848374,2.5440544754904173,0.9868630899116397,0.1151618527714163,0.8717012371402234,0.013136909413151442,2.85,0.0014821272885789014,0.0006175530369078756,0.1,
hybrid_dqn,0.0,6,2.6317327666848374,2.5440544754904173,0.9868630899116397,0.1151618527714163,0.8717012371402234,0.013136909413151442,2.85,0.0014821272885789014,0.0006175530369078756,0.1,
hybrid_dqn,0.0,7,2.6317327666848374,2.5440544754904173,0.9868630899116397,0.1151618527714163,0.8717012371402234,0.013136909413151442,2.85,0.0014821272885789014,0.0006175530369078756,0.1,
hybrid_dqn,0.0,8,2.6317327666848374,2.5440544754904173,0.9868630899116397,0.1151618527714163,0.8717012371402234,0.013136909413151442,2.85,0.0014821272885789014,0.0006175530369078756,0.1,
hybrid_dqn,0.0,9,2.6317327666848374,2.5440544754904173,0.9868630899116397,0.1151618527714163,0.8717012371402234,0.013136909413151442,2.85,0.0014821272885789014,0.0006175530369078756,0.1,
hybrid_dqn,0.0,10,2.6317327666848374,2.5440544754904173,0.9868630899116397,0.1151618527714163,0.8717012371402234,0.013136909413151442,2.85,0.0014821272885789014,0.0006175530369078756,0.1,
hybrid_dqn,0.0,11,2.6317327666848374,2.5440544754904173,0.9868630899116397,0.1151618527714163,0.8717012371402234,0.013136909413151442,2.85,0.0014821272885789014,0.0006175530369078756,0.1,
adaptive_tacc,0.0,0,2.6329614514045443,2.55363712708022,0.9868630899116397,0.1123597860801965,0.8745033038314431,0.013136909413151442,2.75,0.0013513513513513514,0.0005630630630630631,0.0,topology_greedy
adaptive_tacc,0.0,1,2.6329614514045443,2.55363712708022,0.9868630899116397,0.1123597860801965,0.8745033038314431,0.013136909413151442,2.75,0.0013513513513513514,0.0005630630630630631,0.0,topology_greedy
adaptive_tacc,0.0,2,2.6329614514045443,2.55363712708022,0.9868630899116397,0.1123597860801965,0.8745033038314431,0.013136909413151442,2.75,0.0013513513513513514,0.0005630630630630631,0.0,topology_greedy
adaptive_tacc,0.0,3,2.6329614514045443,2.55363712708022,0.9868630899116397,0.1123597860801965,0.8745033038314431,0.013136909413151442,2.75,0.0013513513513513514,0.0005630630630630631,0.0,topology_greedy
adaptive_tacc,0.0,4,2.6329614514045443,2.55363712708022,0.9868630899116397,0.1123597860801965,0.8745033038314431,0.013136909413151442,2.75,0.0013513513513513514,0.0005630630630630631,0.0,topology_greedy
adaptive_tacc,0.0,5,2.6329614514045443,2.55363712708022,0.9868630899116397,0.1123597860801965,0.8745033038314431,0.013136909413151442,2.75,0.0013513513513513514,0.0005630630630630631,0.0,topology_greedy
adaptive_tacc,0.0,6,2.6329614514045443,2.55363712708022,0.9868630899116397,0.1123597860801965,0.8745033038314431,0.013136909413151442,2.75,0.0013513513513513514,0.0005630630630630631,0.0,topology_greedy
adaptive_tacc,0.0,7,2.6329614514045443,2.55363712708022,0.9868630899116397,0.1123597860801965,0.8745033038314431,0.013136909413151442,2.75,0.0013513513513513514,0.0005630630630630631,0.0,topology_greedy
adaptive_tacc,0.0,8,2.6329614514045443,2.55363712708022,0.9868630899116397,0.1123597860801965,0.8745033038314431,0.013136909413151442,2.75,0.0013513513513513514,0.0005630630630630631,0.0,topology_greedy
adaptive_tacc,0.0,9,2.6329614514045443,2.55363712708022,0.9868630899116397,0.1123597860801965,0.8745033038314431,0.013136909413151442,2.75,0.0013513513513513514,0.0005630630630630631,0.0,topology_greedy
adaptive_tacc,0.0,10,2.6329614514045443,2.55363712708022,0.9868630899116397,0.1123597860801965,0.8745033038314431,0.013136909413151442,2.75,0.0013513513513513514,0.0005630630630630631,0.0,topology_greedy
adaptive_tacc,0.0,11,2.6329614514045443,2.55363712708022,0.9868630899116397,0.1123597860801965,0.8745033038314431,0.013136909413151442,2.75,0.0013513513513513514,0.0005630630630630631,0.0,topology_greedy
random,0.05,0,7.20730930379704,6.704083497345428,0.8591463768906478,0.12023215166603525,0.7389142252246125,0.1408536222556399,5.0,0.022401433691756276,0.01063511773362767,0.0,
random,0.05,1,6.9890759354242284,6.383179546675547,0.8692025158701366,0.11932017786526367,0.749882338004873,0.13079748300247288,5.0,0.02810535493048228,0.012482677101165735,0.0,
random,0.05,2,6.701274630074212,6.118449869830096,0.8771807715296746,0.11727661637123674,0.7599041551584378,0.1228192277951166,5.0,0.026823597791339738,0.011623221256768674,0.0,
random,0.05,3,8.039778419437015,7.506110880930766,0.835881671299123,0.11199270944214529,0.7238889618569778,0.16411832782129446,5.0,0.024092641028124903,0.011679737641276097,0.0,
random,0.05,4,7.949257225675,7.396527277985375,0.8395677651860751,0.11651645664824173,0.7230513085378334,0.16043223289307207,5.0,0.025151663760534727,0.013816550925925918,0.0,
random,0.05,5,6.71072821062464,6.118095255088458,0.8771807715296746,0.11727661637123674,0.7599041551584378,0.1228192277951166,5.0,0.027368497529787865,0.011819151606425708,0.0,
random,0.05,6,6.989049169748488,6.384529369812728,0.8692025158701366,0.11932017786526367,0.749882338004873,0.13079748300247288,5.0,0.028028877774208857,0.012646652864044174,0.0,
random,0.05,7,6.574230566709417,6.028972915169932,0.8798322037695662,0.11860588536058601,0.7612263184089801,0.12016779593633194,5.0,0.024736536196638067,0.011134404604538448,0.0,
random,0.05,8,7.0120400805963445,6.495809333720437,0.8662384729185659,0.11607293717356192,0.750165535745004,0.13376152684860346,5.0,0.0231239303819949,0.011444449771470572,0.0,
random,0.05,9,7.596403101626712,7.1155181844514725,0.8481578243663535,0.11596979192108847,0.732188032445265,0.15184217534260824,5.0,0.021160273176402213,0.011428291151657832,0.0,
random,0.05,10,7.411873583452114,6.8784240048412455,0.854245189202225,0.11998390142495434,0.7342612877772707,0.14575480998286772,5.0,0.024080532145048274,0.011396631823461087,0.0,
random,0.05,11,6.68750664363026,6.106595341836106,0.877571099021129,0.11638502230083472,0.7611860767202941,0.12242890073378619,5.0,0.026717294544119675,0.011711521441789361,0.0,
local_popularity,0.05,0,16.473532290475337,13.682163502332354,0.6332637903073596,0.45272416062653065,0.18053962968082893,0.3667362088389281,5.0,0.14952048823016567,0.07098509933774837,0.0,
local_popularity,0.05,1,16.397594760228923,13.418390428562793,0.6410139313849964,0.46002706522612197,0.1809868661588744,0.35898606748761314,5.0,0.159955796203674,0.0710425667780767,0.0,
local_popularity,0.05,2,16.624898399872563,13.534118103447105,0.637566953105852,0.45641390485689043,0.18115304824896156,0.3624330462189391,5.0,0.16615446091252542,0.07199817403349704,0.0,
local_popularity,0.05,3,16.778830190616564,13.933334695121069,0.6252114118283821,0.4612126334880789,0.16399877834030324,0.3747885872920354,5.0,0.15252752752752757,0.0739429729814345,0.0,
local_popularity,0.05,4,16.57213002796929,13.955101911142787,0.6247894347179681,0.46256146661471575,0.16222796810325235,0.3752105633611791,5.0,0.13983489537925026,0.07681543342911876,0.0,
local_popularity,0.05,5,16.634201553267722,13.533874613424654,0.637566953105852,0.45641390485689043,0.18115304824896156,0.3624330462189391,5.0,0.1666848299912816,0.07198324548192771,0.0,
local_popularity,0.05,6,16.3462820912858,13.418562181222937,0.6410139313849964,0.46002706522612197,0.1809868661588744,0.35898606748761314,5.0,0.15709555055904803,0.07088164251207732,0.0,
local_popularity,0.05,7,16.436709713622736,13.486000770384084,0.6389106924302483,0.45952717754009526,0.17938351489015317,0.36108930727564975,5.0,0.15837271906881414,0.07128669585811853,0.0,
local_popularity,0.05,8,16.21207629798258,13.526636018993914,0.6379964109510183,0.45603977526641554,0.1819566356846028,0.362003588816151,5.0,0.14363557105492594,0.07108783200690381,0.0,
local_popularity,0.05,9,16.013077700551136,13.576765581980952,0.6364755632239394,0.45547305536456406,0.18100250785937533,0.3635244364850223,5.0,0.12979511769834354,0.07010005885815182,0.0,
local_popularity,0.05,10,16.8131231198078,13.923236458953394,0.6255140354235967,0.46119396419574815,0.16432007122784853,0.37448596376149607,5.0,0.15499370338080015,0.07335411699981659,0.0,
local_popularity,0.05,11,16.50603667264904,13.482781498969416,0.6390675747472989,0.45787129835470725,0.18119627639259162,0.36093242500761624,5.0,0.1624030652044234,0.07118935553946412,0.0,
global_popularity,0.05,0,24.502099916743365,20.45266661247135,0.42786274581319755,0.42786274581319755,0.0,0.5721372533330901,5.0,0.21941296134844515,0.10416666666666666,0.0,
global_popularity,0.05,1,24.54414877102145,20.222495028994192,0.4346324979866806,0.4346324979866806,0.0,0.5653675008859289,5.0,0.2345363190015143,0.10416666666666669,0.0,
global_popularity,0.05,2,24.751939802978058,20.32489097996149,0.4316208528354764,0.4316208528354764,0.0,0.5683791464893148,5.0,0.24039160127869805,0.10416666666666667,0.0,
global_popularity,0.05,3,24.04694595999494,20.079247616490143,0.43884565743307274,0.43884565743307274,0.0,0.5611543416873448,5.0,0.2148721301947108,0.10416666666666659,0.0,
global_popularity,0.05,4,23.501102813775095,19.987850852136035,0.44153379648923874,0.44153379648923874,0.0,0.5584662015899085,5.0,0.18962510897994767,0.1041666666666666,0.0,
global_popularity,0.05,5,24.766652095916154,20.32489097996149,0.4316208528354764,0.4316208528354764,0.0,0.5683791464893148,5.0,0.24120895088637018,0.10416666666666663,0.0,
global_popularity,0.05,6,24.478072508001212,20.222495028994192,0.4346324979866806,0.4346324979866806,0.0,0.5653675008859289,5.0,0.23086541550039,0.10416666666666666,0.0,
global_popularity,0.05,7,24.487260335250337,20.221702587349636,0.4346558059516706,0.4346558059516706,0.0,0.5653441937542275,5.0,0.23141987488337232,0.10416666666666667,0.0,
global_popularity,0.05,8,24.2838415446889,20.395335296505234,0.42954896162781453,0.42954896162781453,0.0,0.5704510381393548,5.0,0.21047256934353709,0.1041666666666666,0.0,
global_popularity,0.05,9,23.93416560610143,20.36247314751381,0.43051549536176026,0.43051549536176026,0.0,0.5694845043472014,5.0,0.19287180325486766,0.10416666666666653,0.0,
global_popularity,0.05,10,24.11267853149537,20.0508941664852,0.4396795824997955,0.4396795824997955,0.0,0.5603204166852973,5.0,0.22009913138945392,0.10416666666666659,0.0,
global_popularity,0.05,11,24.67675437155151,20.299348782600934,0.43237209437709107,0.43237209437709107,0.0,0.567627905377824,5.0,0.23763364383058772,0.10416666666666659,0.0,
diversified_popularity,0.05,0,2.7328256205265866,2.550872699863989,0.986950635133932,0.10212670315781401,0.884823931976118,0.013049364012355605,5.0,0.004552940036811005,0.0021615158204562183,0.0,
diversified_popularity,0.05,1,2.745400081787265,2.5369937127696907,0.9873133996550582,0.10483332421924722,0.882480075435811,0.012686599217551319,5.0,0.006022576056531915,0.002674859378821228,0.0,
diversified_popularity,0.05,2,2.7424934565527495,2.524533561173499,0.9873789139091969,0.10434969456400722,0.8830292193451896,0.01262108541559428,5.0,0.006553327521069458,0.002839692733912606,0.0,
diversified_popularity,0.05,3,2.7599274658128685,2.5641704184429184,0.9876141732610348,0.09349426510743797,0.8941199081535969,0.012385825859382749,5.0,0.005319835964997255,0.002578973732819885,0.0,
diversified_popularity,0.05,4,11.485406273850247,11.318547075942663,0.7212403429439291,0.07032724769669585,0.6509130952472333,0.27875965513521805,5.0,0.0037143998837547224,0.0020404294380587476,0.0,
diversified_popularity,0.05,5,2.7361827470084075,2.523780828961328,0.9873789139091969,0.10434969456400722,0.8830292193451896,0.01262108541559428,5.0,0.006244551002615519,0.0026967243975903614,0.0,
diversified_popularity,0.05,6,2.7496894270593413,2.537703927128171,0.9873133996550582,0.10483332421924722,0.882480075435811,0.012686599217551319,5.0,0.00622141666284281,0.0028071083505866123,0.0,
diversified_popularity,0.05,7,2.726241329229976,2.5151506120272047,0.9875391167343447,0.10831480772283517,0.8792243090115095,0.012460882971553426,5.0,0.006171706511265086,0.0027780072703238604,0.0,
diversified_popularity,0.05,8,2.711912796162896,2.5120871640791993,0.9880771894887503,0.11162344203330576,0.8764537474554446,0.011922810278418992,5.0,0.005545868449094256,0.0027447502157445574,0.0,
diversified_popularity,0.05,9,2.777285238683237,2.58991056562308,0.9869663988647517,0.10553379417979158,0.8814326046849601,0.013033600844210014,5.0,0.004854148503342051,0.00262164018049833,0.0,
diversified_popularity,0.05,10,2.7509475765945557,2.566524443784326,0.9873479931589423,0.09287027999137838,0.8944777131675639,0.012652006026150452,5.0,0.004690174045012755,0.0022197261446298667,0.0,
diversified_popularity,0.05,11,2.749135428192313,2.5379758815488955,0.9874981866022082,0.10222331010491441,0.8852748764972938,0.012501813152706936,5.0,0.0061755303690787565,0.002707042669026738,0.0,
topology_greedy,0.05,0,3.7588279906891415,3.679681424768382,0.9528314878569089,0.11337261403807336,0.8394588738188354,0.04716851128937884,2.7222222222222223,0.0013723400820175012,0.0006515207260240373,0.0,
topology_greedy,0.05,1,3.7151952724201256,3.634853878394521,0.953740016140632,0.11400497866500366,0.8397350374756283,0.046259982731977574,2.736842105263158,0.001422475106685633,0.0006317763104263471,0.0,
topology_greedy,0.05,2,2.636360269586724,2.5570359452624,0.9868630899116397,0.1123597860801965,0.8745033038314431,0.013136909413151442,2.75,0.0013513513513513514,0.0005855685681904043,0.0,
topology_greedy,0.05,3,4.0100285223142995,3.9342026964884735,0.9454596861550171,0.11590702050468987,0.8295526656503271,0.05454031296540052,2.7777777777777777,0.0011261261261261261,0.0005459284305438149,0.0,
topology_greedy,0.05,4,6.414278293805315,6.339440673927372,0.8721212377131451,0.12125515466323122,0.7508660830499139,0.1278787603660021,2.6875,0.0011715344376634698,0.0006435584291187736,0.0,
topology_greedy,0.05,5,2.6316896299677075,2.5563539717288237,0.9868630899116397,0.1123597860801965,0.8745033038314431,0.013136909413151442,2.75,0.0011297587910491136,0.00048788905622489955,0.0,
topology_greedy,0.05,6,3.7157994008758686,3.6354580068502638,0.953740016140632,0.11400497866500366,0.8397350374756283,0.046259982731977574,2.736842105263158,0.001422475106685633,0.0006418219461697723,0.0,
topology_greedy,0.05,7,2.6207553046504857,2.5447786148877176,0.9872758717668292,0.11199153925439245,0.8752843325124368,0.012724127939068958,2.8421052631578947,0.0010630324722005538,0.0004784919585811854,0.0,
topology_greedy,0.05,8,4.459765482791635,4.390739036990997,0.9319562799323143,0.10687934498613079,0.8250769349461835,0.06804371983485503,2.6666666666666665,0.0008718395815170009,0.0004314891168856072,0.0,
topology_greedy,0.05,9,7.271796080770154,7.191352532383057,0.8454237314872444,0.11732659552944824,0.7280971359577961,0.15457626822171733,2.8125,0.0013440860215053765,0.0007259172061997249,0.0,
topology_greedy,0.05,10,3.484335560972168,3.4096208462574538,0.9614051752853103,0.11626524762767884,0.8451399276576316,0.03859482389978237,2.7222222222222223,0.0011261261261261261,0.0005329635063267924,0.0,
topology_greedy,0.05,11,3.4356218702359596,3.356175258938754,0.9625251048587655,0.11116206748901229,0.8513630373697532,0.037474894896149635,2.736842105263158,0.0013727649551079095,0.000601751280607182,0.0,
hybrid_dqn,0.05,0,3.7586622859778327,3.6746566674560848,0.9528314878569089,0.11488788300711247,0.8379436048497964,0.04716851128937884,2.7777777777777777,0.0014571022635538765,0.000691761712043169,0.05555555555555555,
hybrid_dqn,0.05,1,3.714769375997976,3.630237645625838,0.953740016140632,0.11551900457982954,0.8382210115608024,0.046259982731977574,2.789473684210526,0.0014798329738906987,0.0006572511616532159,0.05263157894736842,
hybrid_dqn,0.05,2,2.6340794212396266,2.547381949574413,0.9868630899116397,0.1151618527714163,0.8717012371402234,0.013136909413151442,2.85,0.0014276373147340889,0.000618624858330185,0.1,
hybrid_dqn,0.05,3,4.008896776269046,3.9237887650320027,0.9454596861550171,0.11902042793937856,0.8264392582156385,0.05454031296540052,2.888888888888889,0.0012714327230456263,0.0006163708086785007,0.1111111111111111,
hybrid_dqn,0.05,4,6.413747750018074,6.333934105728623,0.8721212377131451,0.12305306043708697,0.7490681772760581,0.1278787603660021,2.75,0.0012396469049694855,0.0006809746168582371,0.0625,
hybrid_dqn,0.05,5,2.6303811788740736,2.5466915537650943,0.9868630899116397,0.1151618527714163,0.8717012371402234,0.013136909413151442,2.85,0.0012605347282766636,0.0005443649598393573,0.1,
hybrid_dqn,0.05,6,3.7153735044537193,3.630841774081581,0.953740016140632,0.11551900457982954,0.8382210115608024,0.046259982731977574,2.789473684210526,0.0014798329738906987,0.0006677018633540373,0.05263157894736842,
hybrid_dqn,0.05,7,2.6202721689731687,2.535501829873458,0.9872758717668292,0.11494108313988698,0.8723347886269422,0.012724127939068958,2.9473684210526314,0.0012006913534927117,0.0005404549460233533,0.10526315789473684,
hybrid_dqn,0.05,8,3.6715033730176643,3.594284541282703,0.9562065221705578,0.10999275242081946,0.8462137697497383,0.04379347759661161,2.7777777777777777,0.0009566017630533759,0.0004734394476939301,0.1111111111111111,
hybrid_dqn,0.05,9,7.271527210437611,7.185617227874403,0.8454237314872444,0.11903127311961725,0.7263924583676271,0.15457626822171733,2.875,0.0014394434757337982,0.0007774180890720025,0.0625,
hybrid_dqn,0.05,10,3.482970355728051,3.3989734556021185,0.9614051752853103,0.11937865506236751,0.8420265202229429,0.03859482389978237,2.8333333333333335,0.0012714327230456263,0.0006017329910141204,0.1111111111111111,
hybrid_dqn,0.05,11,2.9406538298736966,2.8538589874931155,0.9776929412527304,0.11411161137450683,0.8635813298782236,0.02230705850218472,2.8421052631578947,0.0014301228223129751,0.0006268940917746129,0.10526315789473684,
adaptive_tacc,0.05,0,2.7328256205265866,2.550872699863989,0.986950635133932,0.10212670315781401,0.884823931976118,0.013049364012355605,5.0,0.004552940036811005,0.0021615158204562183,0.0,diversified_popularity
adaptive_tacc,0.05,1,2.745400081787265,2.5369937127696907,0.9873133996550582,0.10483332421924722,0.882480075435811,0.012686599217551319,5.0,0.006022576056531915,0.002674859378821228,0.0,diversified_popularity
adaptive_tacc,0.05,2,2.7424934565527495,2.524533561173499,0.9873789139091969,0.10434969456400722,0.8830292193451896,0.01262108541559428,5.0,0.006553327521069458,0.002839692733912606,0.0,diversified_popularity
adaptive_tacc,0.05,3,2.7599274658128685,2.5641704184429184,0.9876141732610348,0.09349426510743797,0.8941199081535969,0.012385825859382749,5.0,0.005319835964997255,0.002578973732819885,0.0,diversified_popularity
adaptive_tacc,0.05,4,11.485406273850247,11.318547075942663,0.7212403429439291,0.07032724769669585,0.6509130952472333,0.27875965513521805,5.0,0.0037143998837547224,0.0020404294380587476,0.0,diversified_popularity
adaptive_tacc,0.05,5,2.7361827470084075,2.523780828961328,0.9873789139091969,0.10434969456400722,0.8830292193451896,0.01262108541559428,5.0,0.006244551002615519,0.0026967243975903614,0.0,diversified_popularity
adaptive_tacc,0.05,6,2.7496894270593413,2.537703927128171,0.9873133996550582,0.10483332421924722,0.882480075435811,0.012686599217551319,5.0,0.00622141666284281,0.0028071083505866123,0.0,diversified_popularity
adaptive_tacc,0.05,7,2.726241329229976,2.5151506120272047,0.9875391167343447,0.10831480772283517,0.8792243090115095,0.012460882971553426,5.0,0.006171706511265086,0.0027780072703238604,0.0,diversified_popularity
adaptive_tacc,0.05,8,2.711912796162896,2.5120871640791993,0.9880771894887503,0.11162344203330576,0.8764537474554446,0.011922810278418992,5.0,0.005545868449094256,0.0027447502157445574,0.0,diversified_popularity
adaptive_tacc,0.05,9,2.777285238683237,2.58991056562308,0.9869663988647517,0.10553379417979158,0.8814326046849601,0.013033600844210014,5.0,0.004854148503342051,0.00262164018049833,0.0,diversified_popularity
adaptive_tacc,0.05,10,2.7509475765945557,2.566524443784326,0.9873479931589423,0.09287027999137838,0.8944777131675639,0.012652006026150452,5.0,0.004690174045012755,0.0022197261446298667,0.0,diversified_popularity
adaptive_tacc,0.05,11,2.749135428192313,2.5379758815488955,0.9874981866022082,0.10222331010491441,0.8852748764972938,0.012501813152706936,5.0,0.0061755303690787565,0.002707042669026738,0.0,diversified_popularity
random,0.1,0,8.020401203586763,7.574426196321432,0.8334202694499658,0.09895227383822203,0.7344679956117438,0.1665797304465539,5.0,0.019220833736962775,0.009532846481534869,0.0,
random,0.1,1,7.12040996684444,6.657775985614633,0.8603559466462363,0.12792538246139884,0.7324305641848374,0.1396440535728984,5.0,0.020146332290544813,0.010424406467820111,0.0,
random,0.1,2,7.4000861068850945,6.841934406797911,0.854987065682912,0.11715596559871402,0.737831100084198,0.14501293317880481,5.0,0.025452872227065777,0.01195078686436823,0.0,
random,0.1,3,8.030439737855046,7.492195041545833,0.835141780708606,0.12296133304739164,0.7121804476612144,0.16485821745461887,5.0,0.02434692757273403,0.012454575487281136,0.0,
random,0.1,4,6.614051178535297,6.038302084789598,0.8794876834818799,0.12192556369853647,0.7575621197833434,0.12051231597893332,5.0,0.026430505208094347,0.0121049092131809,0.0,
random,0.1,5,6.753092602952959,6.194482039928135,0.8752867141493449,0.11974158020395982,0.7555451339453851,0.12471328550753624,5.0,0.02547836461249025,0.012156274630002623,0.0,
random,0.1,6,8.056860701609565,7.573541898935924,0.8334202694499658,0.09895227383822203,0.7344679956117438,0.1665797304465539,5.0,0.021295489037424523,0.010479232211523186,0.0,
random,0.1,7,7.723010124508487,7.192248717940627,0.8443123478985702,0.12480253477891286,0.7195098131196573,0.15568765211436483,5.0,0.0239311892537699,0.01208973606081367,0.0,
random,0.1,8,7.260429560973806,6.714193001834021,0.8597305237910606,0.11564707714650366,0.7440834466445571,0.14026947585969335,5.0,0.024790919952210277,0.01180318543799772,0.0,
random,0.1,9,8.266778248066482,7.7933744837708785,0.8258377738735255,0.1239627480835599,0.7018750257899656,0.1741622257977724,5.0,0.02074465357197805,0.011150623001433449,0.0,
random,0.1,10,7.57747554006056,7.10214860021749,0.8475733506751971,0.11441077491165036,0.7331625757635467,0.1524266486780511,5.0,0.020851496657948273,0.010672848076160252,0.0,
random,0.1,11,8.075300537333929,7.6102818184252685,0.8324184640968109,0.11359775233465959,0.7188207117621513,0.16758153634145856,5.0,0.02027881771714789,0.010563599772031059,0.0,
local_popularity,0.1,0,16.389418431079978,13.694169956799245,0.6329697047670683,0.45346334524866605,0.17950635951840216,0.3670302951294515,5.0,0.14418047079337398,0.0715083597578553,0.0,
local_popularity,0.1,1,16.163687083292004,13.576944173399188,0.6365885937805561,0.45378228441319046,0.1828063093673657,0.36341140643857855,5.0,0.13815238388293422,0.07148480345327812,0.0,
local_popularity,0.1,2,16.579940242301532,13.63149502288857,0.6348842499881155,0.4535070300723116,0.18137721991580394,0.3651157488736014,5.0,0.15824695663405344,0.0743010703781194,0.0,
local_popularity,0.1,3,15.834949872208808,13.30992807621927,0.6442275109390417,0.4626010133781367,0.1816264975609051,0.35577248722418314,5.0,0.13472343311052992,0.06891724479682855,0.0,
local_popularity,0.1,4,16.474653892564817,13.558359669649205,0.6370108602568507,0.45385506288393546,0.18315579737291524,0.36298913920396253,5.0,0.15646079016197859,0.07165748991257563,0.0,
local_popularity,0.1,5,16.336553906742733,13.548970737835283,0.6372282797176587,0.4556075100247797,0.18162076969287896,0.36277171993922247,5.0,0.14931017605041377,0.07123908982105845,0.0,
local_popularity,0.1,6,16.396163262430203,13.694012724795794,0.6329697047670683,0.45346334524866605,0.17950635951840216,0.3670302951294515,5.0,0.1445639187574671,0.07113801760574569,0.0,
local_popularity,0.1,7,16.047081248366958,13.441704904280934,0.640390291551335,0.4589905348709888,0.1813997566803462,0.35960970846160006,5.0,0.13918757467144566,0.07031581351342532,0.0,
local_popularity,0.1,8,16.058094198167773,13.290846305113426,0.6447277853472365,0.4644022003437082,0.18032558500352833,0.3552722143035175,5.0,0.14818043850301918,0.07055007225655688,0.0,
local_popularity,0.1,9,15.835499883939988,13.41438085219477,0.6411541110342917,0.4591894023777807,0.18196470865651088,0.3588458886370063,5.0,0.1289510573191788,0.06931350387767854,0.0,
local_popularity,0.1,10,16.64572931870272,13.98688014695032,0.6235685059800744,0.4611903181713488,0.16237818780872557,0.37643149337317383,5.0,0.14215828731957766,0.07276378421261404,0.0,
local_popularity,0.1,11,15.848388052745653,13.390959466664315,0.6416958675665014,0.4635020675247206,0.17819380004178076,0.35830413287176804,5.0,0.13096825478229657,0.06822371233169479,0.0,
global_popularity,0.1,0,24.352120098004473,20.471605712651378,0.42730571422725916,0.42730571422725916,0.0,0.5726942856692605,5.0,0.2100285769640608,0.10416666666666669,0.0,
global_popularity,0.1,1,24.032657566953215,20.3090102004216,0.4320879355072975,0.4320879355072975,0.0,0.5679120647118372,5.0,0.2013137425850898,0.10416666666666659,0.0,
global_popularity,0.1,2,24.49063739197275,20.397248842132587,0.42949267994198537,0.42949267994198537,0.0,0.5705073189197315,5.0,0.2218549194355645,0.10416666666666659,0.0,
global_popularity,0.1,3,23.948307190188345,20.182948282893953,0.43579563684761524,0.43579563684761524,0.0,0.5642043613156097,5.0,0.20363105040524393,0.10416666666666662,0.0,
global_popularity,0.1,4,24.578987451930313,20.385012322301534,0.42985257820079203,0.42985257820079203,0.0,0.5701474212600213,5.0,0.2274430627571544,0.10416666666666663,0.0,
global_popularity,0.1,5,24.41108452379195,20.381267610104068,0.42996271699666977,0.42996271699666977,0.0,0.5700372826602114,5.0,0.21832316187154888,0.10416666666666657,0.0,
global_popularity,0.1,6,24.38190795037297,20.471605712651378,0.42730571422725916,0.42730571422725916,0.0,0.5726942856692605,5.0,0.21168345765119956,0.10416666666666666,0.0,
global_popularity,0.1,7,24.02243858902134,20.21094483720501,0.4349722106837564,0.4349722106837564,0.0,0.5650277893291786,5.0,0.20619409732312946,0.10416666666666656,0.0,
global_popularity,0.1,8,24.155403038038617,20.117230995027867,0.43772849978672135,0.43772849978672135,0.0,0.5622714998640327,5.0,0.21878733572281955,0.1041666666666666,0.0,
global_popularity,0.1,9,23.84919231747929,20.260936509489138,0.43350186702959675,0.43350186702959675,0.0,0.5664981326417011,5.0,0.19379198933278619,0.10416666666666655,0.0,
global_popularity,0.1,10,23.84391803630113,20.08073872796053,0.4388018014530341,0.4388018014530341,0.0,0.5611981979002141,5.0,0.20350996157447765,0.10416666666666662,0.0,
global_popularity,0.1,11,23.8364736056779,20.13705825104433,0.43714534600867944,0.43714534600867944,0.0,0.56285465442959,5.0,0.1999675197018649,0.10416666666666655,0.0,
diversified_popularity,0.1,0,2.7404856013486047,2.5487971386924007,0.986926054297429,0.1071122288186517,0.8798138254787773,0.013073945599090721,5.0,0.0050938034809002546,0.0025263444476474176,0.0,
diversified_popularity,0.1,1,2.742054238645269,2.552126550045853,0.987245507647886,0.10733354365562692,0.8799119639922591,0.012754492571248728,5.0,0.004995982699967519,0.0025850935852528025,0.0,
diversified_popularity,0.1,2,8.417422604396275,8.213165121106535,0.8136244140203215,0.08863055558564763,0.7249938584346738,0.1863755848413954,5.0,0.0057920824049856314,0.002719533642621061,0.0,
diversified_popularity,0.1,3,2.971387040988485,2.761898520209642,0.9803511892936917,0.10829214006662369,0.872059049227068,0.01964880886953324,5.0,0.006082695598824632,0.0031115791212421536,0.0,
diversified_popularity,0.1,4,2.757712306784328,2.5413905520924542,0.9871400396927799,0.10769516489419498,0.8794448747985849,0.01285995976803334,5.0,0.006462319705104086,0.0029596783232459086,0.0,
diversified_popularity,0.1,5,2.7191229200642915,2.5213851143468595,0.9876341494535538,0.10719617595896125,0.8804379734945925,0.012365850203327443,5.0,0.005429878095412901,0.002590711387453658,0.0,
diversified_popularity,0.1,6,2.7308926235431867,2.5476319435083132,0.986926054297429,0.1071122288186517,0.8798138254787773,0.013073945599090721,5.0,0.0046255933352707555,0.002276194108113262,0.0,
diversified_popularity,0.1,7,2.726371334987343,2.547687812755434,0.9870316545453129,0.1030805489151842,0.8839511056301288,0.01296834546762208,5.0,0.004371306790661629,0.0022083292551629626,0.0,
diversified_popularity,0.1,8,2.7386501018614196,2.5381705900915854,0.9872647876101028,0.10939399908400244,0.8778707885261005,0.012735212040651176,5.0,0.005582195098324131,0.0026577345263352078,0.0,
diversified_popularity,0.1,9,2.9403366304607186,2.771563872883407,0.9809818635009887,0.10197119266890428,0.8790106708320844,0.019018136170309258,5.0,0.0038207087542950924,0.002053699415591575,0.0,
diversified_popularity,0.1,10,2.7440597849182464,2.567846474833969,0.9874352067708969,0.08966460386808547,0.8977706029028114,0.0125647925823513,5.0,0.004234072782459878,0.0021672120851513937,0.0,
diversified_popularity,0.1,11,2.756575012265744,2.5688782073013865,0.9871648588656065,0.10266069621395539,0.884504162651651,0.012835141572663012,5.0,0.004872044720242063,0.0025379354562940783,0.0,
topology_greedy,0.1,0,4.166813630608864,4.09202626259569,0.9402309491997585,0.11546910787001252,0.824761841329746,0.05976905069676124,2.7222222222222223,0.001130162420485001,0.0005605201627109959,0.0,
topology_greedy,0.1,1,4.7197412036929,4.6522833853432415,0.9234654773026705,0.10362838504507262,0.8198370922575978,0.07653452291646425,2.588235294117647,0.0008718395815170008,0.00045111983865831623,0.0,
topology_greedy,0.1,2,4.769254399755023,4.695360182957581,0.9213842628394358,0.1159433226308061,0.8054409402086296,0.07861573602228115,2.6666666666666665,0.0011422713035616264,0.0005363261469419932,0.0,
topology_greedy,0.1,3,4.558654482093344,4.482995274498652,0.927840474449719,0.11565356820614801,0.8121869062435709,0.07215952371350592,2.7222222222222223,0.001178597952791501,0.0006029071688140071,0.0,
topology_greedy,0.1,4,3.3400188183346358,3.2701110497851014,0.9657905033519981,0.10448254389982474,0.8613079594521734,0.034209496108815074,2.6315789473684212,0.0009597883112314352,0.0004395735261152207,0.0,
topology_greedy,0.1,5,2.6684112644508358,2.597754631587072,0.9867462183005715,0.10726984163844272,0.8794763766621289,0.01325378135630959,2.789473684210526,0.0008259532877529481,0.0003940800420352043,0.0,
topology_greedy,0.1,6,4.167567048248413,4.092271107146021,0.9402309491997585,0.11546910787001252,0.824761841329746,0.05976905069676124,2.7222222222222223,0.001158416480997126,0.0005700416309149267,0.0,
topology_greedy,0.1,7,3.7489192292931954,3.6712770710058757,0.9530278535740864,0.11368756177317765,0.8393402918009087,0.046972146438848644,2.7777777777777777,0.0012270334850980013,0.0006198818961860948,0.0,
topology_greedy,0.1,8,5.813040211425357,5.734060263735732,0.8895540723654752,0.11685348110687402,0.7727005912586011,0.11044592728527884,2.6666666666666665,0.0014248119086828766,0.0006783660793899699,0.0,
topology_greedy,0.1,9,4.637245214979323,4.5608730933320585,0.9260723665082717,0.11094170441741452,0.8151306620908573,0.07392763316302615,2.764705882352941,0.0011710002222336188,0.0006294336016466347,0.0,
topology_greedy,0.1,10,3.439263433779547,3.367403509338977,0.9633953369533023,0.11240636448686321,0.850988972466439,0.03660466239994599,2.6666666666666665,0.001029255061513126,0.0005268246727489089,0.0,
topology_greedy,0.1,11,6.008667691655903,5.934186949053718,0.8843358982737888,0.11130369547754526,0.7730322027962435,0.11566410216448061,2.6470588235294117,0.0011966425628664717,0.0006233525682125808,0.0,
hybrid_dqn,0.1,0,4.166660409676991,4.082590856252599,0.9402309491997585,0.1185825153047012,0.8216484338950573,0.05976905069676124,2.8333333333333335,0.0012754690174045012,0.0006325870407738383,0.1111111111111111,
hybrid_dqn,0.1,1,4.717425870455121,4.641293761116181,0.9234654773026705,0.1069249340935665,0.816540543209104,0.07653452291646425,2.7058823529411766,0.0009615877737319864,0.0004975586455790254,0.11764705882352941,
hybrid_dqn,0.1,2,4.032306120696522,3.9502195179647583,0.9439916627145268,0.11905673006549478,0.8249349326490321,0.05600833614718997,2.7777777777777777,0.0012270334850980013,0.0005761242002486428,0.1111111111111111,
hybrid_dqn,0.1,3,4.5588085759107395,4.478726235505818,0.927840474449719,0.11725170667179757,0.8105887677779214,0.07215952371350592,2.7777777777777777,0.0012391423681746261,0.0006338784274859594,0.05555555555555555,
hybrid_dqn,0.1,4,3.3387141177224904,3.2600126998360133,0.9657905033519981,0.10743208778531928,0.8583584155666789,0.034209496108815074,2.736842105263158,0.001097447192523593,0.0005026199282672046,0.10526315789473684,
hybrid_dqn,0.1,5,2.6673487439267007,2.5878984617259944,0.9867462183005715,0.11021938552393724,0.8765268327766343,0.01325378135630959,2.8947368421052633,0.0009636121690451061,0.00045976004904107163,0.10526315789473684,
hybrid_dqn,0.1,6,4.16723695016053,4.08265882364692,0.9402309491997585,0.1185825153047012,0.8216484338950573,0.05976905069676124,2.8333333333333335,0.0013037230779166262,0.0006415451107509454,0.1111111111111111,
hybrid_dqn,0.1,7,3.747863988034779,3.6609396443362416,0.9530278535740864,0.11680096920786633,0.8362268843662201,0.046972146438848644,2.888888888888889,0.0013723400820175012,0.0006932889628397112,0.1111111111111111,
hybrid_dqn,0.1,8,5.811476212774821,5.723214079673978,0.8895540723654752,0.11996688854156269,0.7695871838239126,0.11044592728527884,2.7777777777777777,0.0015701185056023767,0.0007475478891861142,0.1111111111111111,
hybrid_dqn,0.1,9,4.183930083301063,4.099345232795908,0.9400029113132726,0.11423825346590842,0.8257646578473642,0.05999708835802534,2.8823529411764706,0.0012351060738157514,0.0006638916455323996,0.11764705882352941,
hybrid_dqn,0.1,10,3.4388806449406544,3.357738535088867,0.9633953369533023,0.11551977192155188,0.8478755650317503,0.03660466239994599,2.7777777777777777,0.0011745616584326263,0.000601199920666402,0.1111111111111111,
hybrid_dqn,0.1,11,6.008376456863998,5.924067517944054,0.8843358982737888,0.11460024452603915,0.7697356537477497,0.11566410216448061,2.764705882352941,0.0013504966066635894,0.0007034978984113411,0.11764705882352941,
adaptive_tacc,0.1,0,2.7404856013486047,2.5487971386924007,0.986926054297429,0.1071122288186517,0.8798138254787773,0.013073945599090721,5.0,0.0050938034809002546,0.0025263444476474176,0.0,diversified_popularity
adaptive_tacc,0.1,1,2.742054238645269,2.552126550045853,0.987245507647886,0.10733354365562692,0.8799119639922591,0.012754492571248728,5.0,0.004995982699967519,0.0025850935852528025,0.0,diversified_popularity
adaptive_tacc,0.1,2,8.417422604396275,8.213165121106535,0.8136244140203215,0.08863055558564763,0.7249938584346738,0.1863755848413954,5.0,0.0057920824049856314,0.002719533642621061,0.0,diversified_popularity
adaptive_tacc,0.1,3,2.971387040988485,2.761898520209642,0.9803511892936917,0.10829214006662369,0.872059049227068,0.01964880886953324,5.0,0.006082695598824632,0.0031115791212421536,0.0,diversified_popularity
adaptive_tacc,0.1,4,2.757712306784328,2.5413905520924542,0.9871400396927799,0.10769516489419498,0.8794448747985849,0.01285995976803334,5.0,0.006462319705104086,0.0029596783232459086,0.0,diversified_popularity
adaptive_tacc,0.1,5,2.7191229200642915,2.5213851143468595,0.9876341494535538,0.10719617595896125,0.8804379734945925,0.012365850203327443,5.0,0.005429878095412901,0.002590711387453658,0.0,diversified_popularity
adaptive_tacc,0.1,6,2.7308926235431867,2.5476319435083132,0.986926054297429,0.1071122288186517,0.8798138254787773,0.013073945599090721,5.0,0.0046255933352707555,0.002276194108113262,0.0,diversified_popularity
adaptive_tacc,0.1,7,2.726371334987343,2.547687812755434,0.9870316545453129,0.1030805489151842,0.8839511056301288,0.01296834546762208,5.0,0.004371306790661629,0.0022083292551629626,0.0,diversified_popularity
adaptive_tacc,0.1,8,2.7386501018614196,2.5381705900915854,0.9872647876101028,0.10939399908400244,0.8778707885261005,0.012735212040651176,5.0,0.005582195098324131,0.0026577345263352078,0.0,diversified_popularity
adaptive_tacc,0.1,9,2.9403366304607186,2.771563872883407,0.9809818635009887,0.10197119266890428,0.8790106708320844,0.019018136170309258,5.0,0.0038207087542950924,0.002053699415591575,0.0,diversified_popularity
adaptive_tacc,0.1,10,2.7440597849182464,2.567846474833969,0.9874352067708969,0.08966460386808547,0.8977706029028114,0.0125647925823513,5.0,0.004234072782459878,0.0021672120851513937,0.0,diversified_popularity
adaptive_tacc,0.1,11,2.756575012265744,2.5688782073013865,0.9871648588656065,0.10266069621395539,0.884504162651651,0.012835141572663012,5.0,0.004872044720242063,0.0025379354562940783,0.0,diversified_popularity
random,0.15,0,7.346053613333564,6.812772284466496,0.8557996549888661,0.12061857593883026,0.7351810790500358,0.1442003436876755,5.0,0.024071184937059308,0.011497968905254547,0.0,
random,0.15,1,8.436093453020295,7.8915321934685245,0.8228488419314518,0.12912915381329024,0.6937196881181615,0.17715115732896855,5.0,0.024697847752876218,0.013513955924720312,0.0,
random,0.15,2,6.890041092749104,6.338064923030998,0.8715463164262474,0.1109082147013396,0.7606381017249078,0.12845368354788256,5.0,0.025109787206561405,0.012178553530038208,0.0,
random,0.15,3,9.714483284414964,9.23383812312464,0.784681255556643,0.08945182388027509,0.695229431676368,0.21531874344994625,5.0,0.02114695340501792,0.012631347498032679,0.0,
random,0.15,4,7.240432439117577,6.781815757920251,0.8569434431847185,0.126370305273061,0.7305731379116575,0.14305655549590787,5.0,0.019923148955407022,0.010576296753402582,0.0,
random,0.15,5,6.974908525037812,6.478195873106944,0.8676663721254205,0.10587805213735384,0.7617883199880666,0.1323336282854571,5.0,0.02203959177393713,0.011812809235843868,0.0,
random,0.15,6,7.461641220428493,6.927392455534568,0.8527240372107675,0.11676809445230497,0.7359559427584625,0.1472759616250793,5.0,0.0241249313829959,0.0119307112516368,0.0,
random,0.15,7,8.615148632202109,8.275526876451321,0.8140889962848562,0.08192571979732467,0.7321632764875315,0.18591100434199548,5.0,0.013312319763932667,0.009665952473704715,0.0,
random,0.15,8,7.0926316058194425,6.603064619478263,0.8628603341575298,0.12091709249135521,0.7419432416661746,0.13713966441961625,5.0,0.021642610352287775,0.011097589244320813,0.0,
random,0.15,9,9.214435591895592,8.781797654418943,0.7979297527677512,0.10825269596119012,0.6896770568065611,0.20207024518666522,5.0,0.018479885415369296,0.011005414626909954,0.0,
random,0.15,10,7.034661813337821,6.5171424263787054,0.8649670810095573,0.12076760713305128,0.7441994738765061,0.13503291778952667,5.0,0.02319552149772863,0.011500136500136498,0.0,
random,0.15,11,7.242501521634065,6.739348368480912,0.8580436748452485,0.1224079166745974,0.7356357581706511,0.14195632543932232,5.0,0.0223973973973974,0.011095514604728542,0.0,
local_popularity,0.15,0,16.200604517185198,13.437662288029049,0.6404299769844664,0.4586622157183133,0.1817677612661531,0.35957002169207525,5.0,0.14794123495311945,0.07066638903501078,0.0,
local_popularity,0.15,1,16.211548435792956,13.70811749061628,0.6328931736814625,0.4490697628215832,0.18382341085987933,0.3671068255789578,5.0,0.1335239413987043,0.07306048190967934,0.0,
local_popularity,0.15,2,16.076308403477242,13.373213372962853,0.6422702375178536,0.4620736565233933,0.18019658099446031,0.35772976245627636,5.0,0.14461639058413261,0.07014071603082128,0.0,
local_popularity,0.15,3,17.515633391356346,15.062363992925656,0.5913055526092649,0.45079053156077864,0.14051502104848623,0.4086944463973244,5.0,0.13073718880170496,0.07809100587881314,0.0,
local_popularity,0.15,4,16.114503699865708,13.61767138367855,0.6352345254789624,0.4525190797737903,0.1827154457051721,0.36476547320166397,5.0,0.13315735089928646,0.07068720216668382,0.0,
local_popularity,0.15,5,15.795036971276211,13.384687722596793,0.641890363110339,0.4635453887064667,0.1783449744038722,0.3581096373005387,5.0,0.12835273603774555,0.06879466739967013,0.0,
local_popularity,0.15,6,16.33786400961992,13.542063370270892,0.6375276803349456,0.45691553803367746,0.18061214230126804,0.3624723185009013,5.0,0.14976670218605706,0.07406542429178242,0.0,
local_popularity,0.15,7,15.678646553715431,13.837515844842786,0.628976232587145,0.4480222359013099,0.18095399668583503,0.3710237680397068,5.0,0.09672948382625803,0.0702343851447864,0.0,
local_popularity,0.15,8,16.999110490406288,14.279668467738455,0.6151676627082957,0.44977405874265564,0.16539360396564007,0.38483233586885035,5.0,0.1455245568148794,0.07462000794754618,0.0,
local_popularity,0.15,9,16.26425819857314,14.05801831813971,0.6225093390925655,0.44053828210702967,0.18197105698553578,0.37749065886185107,5.0,0.11701332669074609,0.06968550660139444,0.0,
local_popularity,0.15,10,16.43584765725655,13.652876060872389,0.6342799167001718,0.4532080672093128,0.181071849490859,0.36572008209891227,5.0,0.14905397757689778,0.07389965723299055,0.0,
local_popularity,0.15,11,16.190516638997572,13.526291123159153,0.637767145720621,0.4584098635241389,0.17935728219648203,0.3622328545639498,5.0,0.1424569731021344,0.0705721918290303,0.0,
global_popularity,0.15,0,24.318157902173848,20.292814902127965,0.43256426622208793,0.43256426622208793,0.0,0.5674357324544537,5.0,0.2180746111136602,0.10416666666666659,0.0,
global_popularity,0.15,1,24.04684406873698,20.520129878265674,0.42587853223085403,0.42587853223085403,0.0,0.5741214670295662,5.0,0.19037301058173922,0.10416666666666659,0.0,
global_popularity,0.15,2,24.17051578665026,20.204633775606958,0.43515783010257614,0.43515783010257614,0.0,0.5648421698715538,5.0,0.2147712228357389,0.10416666666666657,0.0,
global_popularity,0.15,3,23.624745235239192,20.385686821987232,0.4298327395071586,0.4298327395071586,0.0,0.5701672594994307,5.0,0.17439213406955345,0.10416666666666669,0.0,
global_popularity,0.15,4,24.11014379196073,20.47810368733998,0.4271145960729983,0.4271145960729983,0.0,0.572885402607628,5.0,0.1962244502567083,0.1041666666666666,0.0,
global_popularity,0.15,5,23.732412629384722,20.13415630854776,0.4372306972303811,0.4372306972303811,0.0,0.5627693031804964,5.0,0.19434757337983138,0.10416666666666659,0.0,
global_popularity,0.15,6,24.191715031962215,20.30030265184016,0.432344038453367,0.432344038453367,0.0,0.5676559603824798,5.0,0.21063402111789203,0.10416666666666659,0.0,
global_popularity,0.15,7,23.436350002351915,20.75402822648175,0.41899917045464885,0.41899917045464885,0.0,0.5810008301722029,5.0,0.1434623208816757,0.10416666666666667,0.0,
global_popularity,0.15,8,24.1341937268072,20.377553215327982,0.43007196279035675,0.43007196279035675,0.0,0.5699280357867893,5.0,0.20314669508217884,0.10416666666666656,0.0,
global_popularity,0.15,9,24.184075499223752,20.935644810470485,0.4136575034686497,0.4136575034686497,0.0,0.5863424944857668,5.0,0.17491281604184825,0.10416666666666659,0.0,
global_popularity,0.15,10,24.264914059102477,20.383080442803667,0.4299093975048316,0.4299093975048316,0.0,0.5700906012942525,5.0,0.2101018675721561,0.10416666666666659,0.0,
global_popularity,0.15,11,24.10126132827952,20.216387745018842,0.4348121254394452,0.4348121254394452,0.0,0.5651878748451256,5.0,0.2102707546255932,0.10416666666666659,0.0,
diversified_popularity,0.15,0,2.96074907995925,2.7448403019112533,0.9805258040095827,0.10760101327966702,0.8729247907299156,0.019474194666958954,5.0,0.00643937655822206,0.0030758665030101114,0.0,
diversified_popularity,0.15,1,8.34550647298915,8.189888236156493,0.8145461173125488,0.09010606357718215,0.7244400537353667,0.18545388194787152,5.0,0.0030899020462587827,0.0016907060276125255,0.0,
diversified_popularity,0.15,2,2.7605825253478127,2.549495632002855,0.987562695518136,0.10498483429869844,0.8825778612194376,0.012437304455993904,5.0,0.006171494074719881,0.0029932500156612148,0.0,
diversified_popularity,0.15,3,11.192355333637119,10.99706326737731,0.7308672884168724,0.07713371589779854,0.6537335725190739,0.26913271058971683,5.0,0.005294003681100456,0.0031621765495533027,0.0,
diversified_popularity,0.15,4,2.7455092118793836,2.549025631524836,0.9869296122083647,0.11054468773201936,0.8763849244763454,0.013070386472261615,5.0,0.005360198908586005,0.002845486646782542,0.0,
diversified_popularity,0.15,5,4.003806209105364,3.785338595381583,0.9486428086426767,0.11549848293447319,0.8331443257082034,0.05135719176820096,5.0,0.006581534095765595,0.0035275792560014643,0.0,
diversified_popularity,0.15,6,8.451587151388473,8.249509267052524,0.8127621587935008,0.0871500603388995,0.7256120984546013,0.18723784004234606,5.0,0.005670993574219381,0.002804525566094981,0.0,
diversified_popularity,0.15,7,4.147972907047651,3.9374169416529767,0.9449774930611826,0.13245310380051917,0.8125243892606634,0.05502250756566914,5.0,0.006141998077481949,0.004459648097649657,0.0,
diversified_popularity,0.15,8,2.8088579064187162,2.6152804580025584,0.9871765186803209,0.08952366899595493,0.8976528496843659,0.01282347989682522,5.0,0.005198747134231006,0.0026657394529439027,0.0,
diversified_popularity,0.15,9,4.552648785259945,4.334016327917809,0.9318340179909553,0.12639833956823818,0.8054356784227171,0.0681659799634612,5.0,0.006590692074563044,0.003924986401621915,0.0,
diversified_popularity,0.15,10,8.347798142603374,8.148408430310434,0.8156395311663417,0.0854134414296009,0.7302260897367409,0.1843604676327423,5.0,0.005521650682941005,0.002737586070919403,0.0,
diversified_popularity,0.15,11,2.711930487784839,2.5290330742422644,0.9873727664817125,0.1051012982821299,0.8822714681995826,0.012627233802858327,5.0,0.00460541186347638,0.0022814889464759895,0.0,
topology_greedy,0.15,0,3.5604393647087944,3.481268071174173,0.9585591004181065,0.11383501866734341,0.8447240817507631,0.0414408982584351,2.736842105263158,0.0013574695238532252,0.0006484160383423928,0.0,
topology_greedy,0.15,1,3.700079446376188,3.6388075862807985,0.9557168355266399,0.10177543945610523,0.8539413960705347,0.044283163733780384,2.7058823529411766,0.00039745627980922096,0.00021747670894600949,0.0,
topology_greedy,0.15,2,5.724799582792148,5.647490660967097,0.8927039880202048,0.11262921611261037,0.7800747719075944,0.10729601195392509,2.6666666666666665,0.0013319771384287516,0.0006460251832362334,0.0,
topology_greedy,0.15,3,7.873289420649761,7.810042690048192,0.8270152451004833,0.1244448404138287,0.7025704046866547,0.17298475390610596,2.6,0.0006248183667538506,0.0003732120538814053,0.0,
topology_greedy,0.15,4,3.930379227467806,3.862181997980254,0.9475332491694846,0.10169160495408708,0.8458416442153975,0.05246674951114175,2.7777777777777777,0.0007023152184442507,0.00037282731667180895,0.0,
topology_greedy,0.15,5,5.97854068503323,5.900684384710137,0.8844580671695226,0.11775343958288431,0.7667046275866383,0.11554193324135507,2.823529411764706,0.0011880951159888543,0.00063679677478468,0.0,
topology_greedy,0.15,6,4.4824316408956975,4.400990199454256,0.93035583910791,0.1186528239502675,0.8117030151576424,0.06964415972793682,2.8333333333333335,0.0013763763763763761,0.0006806713295646892,0.0,
topology_greedy,0.15,7,9.465521609431148,9.393378895998113,0.7786114757629827,0.10567226998794538,0.6729392057750374,0.22138852486386895,2.923076923076923,0.0007600652761943085,0.0005518763796909493,0.0,
topology_greedy,0.15,8,3.9074496553141693,3.8331495487559986,0.9485747833969072,0.11521694576367736,0.8333578376332298,0.05142521518023892,2.7777777777777777,0.001041363944589751,0.0005339757599841046,0.0,
topology_greedy,0.15,9,7.5881115226779245,7.517957082523485,0.8357064721806508,0.10592335761923875,0.729783114561412,0.1642935257737658,2.9285714285714284,0.0006435006435006435,0.00038322701874103724,0.0,
topology_greedy,0.15,10,2.9463714386762105,2.871309721611098,0.9774666971919176,0.11585676782813512,0.8616099293637824,0.022533301607166465,2.789473684210526,0.0010706801878278959,0.0005308338641671973,0.0,
topology_greedy,0.15,11,2.909553686653803,2.836736676094857,0.9787041202653199,0.1103388503090375,0.8683652699562825,0.021295880019250844,2.888888888888889,0.0008355129322871258,0.0004139072847682119,0.0,
hybrid_dqn,0.15,0,3.5593529582962034,3.472833433678207,0.9585591004181065,0.11678456255283795,0.8417745378652686,0.0414408982584351,2.8421052631578947,0.0014148273910582908,0.0006758138991174235,0.10526315789473684,
hybrid_dqn,0.15,1,3.6988685595517827,3.6277685031386335,0.9557168355266399,0.10507198850459912,0.8506448470220408,0.044283163733780384,2.823529411764706,0.0005513103236063387,0.00030166124144123896,0.11764705882352941,
hybrid_dqn,0.15,2,5.2254446437274,5.140379255758786,0.9080056612276368,0.11574262354729904,0.7922630376803378,0.09199433874649306,2.7777777777777777,0.0013925215538118764,0.0006753899642924257,0.1111111111111111,
hybrid_dqn,0.15,3,7.147215947790156,7.074138354067401,0.8492943642195314,0.1281809293354551,0.7211134348840763,0.15070563478705784,2.7333333333333334,0.0007265329845975008,0.000433967504513262,0.13333333333333333,
hybrid_dqn,0.15,4,3.9290636235363143,3.851584208637545,0.9475332491694846,0.10480501238877575,0.8427282367807089,0.05246674951114175,2.888888888888889,0.0008476218153637507,0.00044996400287976936,0.1111111111111111,
hybrid_dqn,0.15,5,5.979367029267755,5.891682532626901,0.8844580671695226,0.1210499886313782,0.7634080785381443,0.11554193324135507,2.9411764705882355,0.001341949159785972,0.0007192596664834155,0.11764705882352941,
hybrid_dqn,0.15,6,4.481167806789773,4.390444179937114,0.93035583910791,0.12176623138495618,0.8085896077229537,0.06964415972793682,2.9444444444444446,0.0015216829732958767,0.0007525310593721053,0.1111111111111111,
hybrid_dqn,0.15,7,8.201800284170018,8.120426801506214,0.8174996167743722,0.10998314182059123,0.707516474953781,0.18250038385247955,3.076923076923077,0.0007600652761943085,0.0005518763796909493,0.15384615384615385,
hybrid_dqn,0.15,8,3.9068071949985717,3.827648035839412,0.9485747833969072,0.11673221473271649,0.8318425686641907,0.05142521518023892,2.8333333333333335,0.0011261261261261261,0.0005774389032386248,0.05555555555555555,
hybrid_dqn,0.15,9,7.589193490890075,7.512791697391506,0.8357064721806508,0.10787156057943191,0.7278349116012188,0.1642935257737658,3.0,0.0007524805911902685,0.0004481283686891161,0.07142857142857142,
hybrid_dqn,0.15,10,2.9448796293841917,2.861024262982136,0.9774666971919176,0.11880631171362965,0.8586603854782879,0.022533301607166465,2.8947368421052633,0.0012083390691200538,0.0005990839324172655,0.10526315789473684,
hybrid_dqn,0.15,11,2.9093893802400346,2.8272901842698714,0.9787041202653199,0.11345225774372618,0.8652518625215938,0.021295880019250844,3.0,0.0009808195292066262,0.0004858911603800749,0.1111111111111111,
adaptive_tacc,0.15,0,3.5593529582962034,3.472833433678207,0.9585591004181065,0.11678456255283795,0.8417745378652686,0.0414408982584351,2.8421052631578947,0.0014148273910582908,0.0006758138991174235,0.10526315789473684,hybrid_dqn
adaptive_tacc,0.15,1,3.6988685595517827,3.6277685031386335,0.9557168355266399,0.10507198850459912,0.8506448470220408,0.044283163733780384,2.823529411764706,0.0005513103236063387,0.00030166124144123896,0.11764705882352941,hybrid_dqn
adaptive_tacc,0.15,2,5.2254446437274,5.140379255758786,0.9080056612276368,0.11574262354729904,0.7922630376803378,0.09199433874649306,2.7777777777777777,0.0013925215538118764,0.0006753899642924257,0.1111111111111111,hybrid_dqn
adaptive_tacc,0.15,3,7.147215947790156,7.074138354067401,0.8492943642195314,0.1281809293354551,0.7211134348840763,0.15070563478705784,2.7333333333333334,0.0007265329845975008,0.000433967504513262,0.13333333333333333,hybrid_dqn
adaptive_tacc,0.15,4,3.9290636235363143,3.851584208637545,0.9475332491694846,0.10480501238877575,0.8427282367807089,0.05246674951114175,2.888888888888889,0.0008476218153637507,0.00044996400287976936,0.1111111111111111,hybrid_dqn
adaptive_tacc,0.15,5,5.979367029267755,5.891682532626901,0.8844580671695226,0.1210499886313782,0.7634080785381443,0.11554193324135507,2.9411764705882355,0.001341949159785972,0.0007192596664834155,0.11764705882352941,hybrid_dqn
adaptive_tacc,0.15,6,4.481167806789773,4.390444179937114,0.93035583910791,0.12176623138495618,0.8085896077229537,0.06964415972793682,2.9444444444444446,0.0015216829732958767,0.0007525310593721053,0.1111111111111111,hybrid_dqn
adaptive_tacc,0.15,7,8.201800284170018,8.120426801506214,0.8174996167743722,0.10998314182059123,0.707516474953781,0.18250038385247955,3.076923076923077,0.0007600652761943085,0.0005518763796909493,0.15384615384615385,hybrid_dqn
adaptive_tacc,0.15,8,3.9068071949985717,3.827648035839412,0.9485747833969072,0.11673221473271649,0.8318425686641907,0.05142521518023892,2.8333333333333335,0.0011261261261261261,0.0005774389032386248,0.05555555555555555,hybrid_dqn
adaptive_tacc,0.15,9,7.589193490890075,7.512791697391506,0.8357064721806508,0.10787156057943191,0.7278349116012188,0.1642935257737658,3.0,0.0007524805911902685,0.0004481283686891161,0.07142857142857142,hybrid_dqn
adaptive_tacc,0.15,10,2.9448796293841917,2.861024262982136,0.9774666971919176,0.11880631171362965,0.8586603854782879,0.022533301607166465,2.8947368421052633,0.0012083390691200538,0.0005990839324172655,0.10526315789473684,hybrid_dqn
adaptive_tacc,0.15,11,2.9093893802400346,2.8272901842698714,0.9787041202653199,0.11345225774372618,0.8652518625215938,0.021295880019250844,3.0,0.0009808195292066262,0.0004858911603800749,0.1111111111111111,hybrid_dqn
